created_at,data_source,sport,market,selection,odds,stake,status,signal_mode,reject_reason,notes
2026-03-05 17:57:16.437385+01:00,paper_signal,soccer_epl,h2h,Crystal Palace (Tottenham Hotspur vs Crystal Palace),3.1,0.0,open,PAPER_ONLY,reject_confidence_below_min: model_prob=0.29 < gate=0.55,signal_mode=PAPER_ONLY; reject_reason=reject_confidence_below_min: model_prob=0.29 < gate=0.55; source=paper_signal
2026-03-05 17:57:16.458319+01:00,paper_signal,soccer_epl,h2h,Tottenham Hotspur (Tottenham Hotspur vs Crystal Palace),2.35,0.0,open,PAPER_ONLY,reject_confidence_below_min: model_prob=0.39 < gate=0.55,signal_mode=PAPER_ONLY; reject_reason=reject_confidence_below_min: model_prob=0.39 < gate=0.55; source=paper_signal
2026-03-05 17:57:16.473411+01:00,paper_signal,soccer_epl,h2h,Draw (Tottenham Hotspur vs Crystal Palace),3.2,0.0,open,PAPER_ONLY,reject_confidence_below_min: model_prob=0.22 < gate=0.55,signal_mode=PAPER_ONLY; reject_reason=reject_confidence_below_min: model_prob=0.22 < gate=0.55; source=paper_signal
2026-03-05 17:57:17.186067+01:00,paper_signal,basketball_nba,h2h,Dallas Mavericks (Orlando Magic vs Dallas Mavericks),3.8,0.0,open,PAPER_ONLY,reject_confidence_below_min: model_prob=0.28 < gate=0.55,signal_mode=PAPER_ONLY; reject_reason=reject_confidence_below_min: model_prob=0.28 < gate=0.55; source=paper_signal
2026-03-05 17:57:17.358541+01:00,paper_signal,basketball_nba,h2h,Orlando Magic (Orlando Magic vs Dallas Mavericks),1.25,0.0,open,PAPER_ONLY,,signal_mode=PAPER_ONLY; source=paper_signal
2026-03-05 17:57:17.396652+01:00,paper_signal,basketball_nba,h2h,Utah Jazz (Washington Wizards vs Utah Jazz),2.35,0.0,open,PAPER_ONLY,reject_confidence_below_min: model_prob=0.53 < gate=0.55,signal_mode=PAPER_ONLY; reject_reason=reject_confidence_below_min: model_prob=0.53 < gate=0.55; source=paper_signal
2026-03-05 17:57:17.567977+01:00,paper_signal,basketball_nba,h2h,Washington Wizards (Washington Wizards vs Utah Jazz),1.57,1.13,open,PLAYABLE,,signal_mode=PLAYABLE; source=paper_signal
2026-03-05 17:57:17.607641+01:00,paper_signal,basketball_nba,h2h,Brooklyn Nets (Miami Heat vs Brooklyn Nets),6.5,0.0,open,PAPER_ONLY,reject_confidence_below_min: model_prob=0.23 < gate=0.55,signal_mode=PAPER_ONLY; reject_reason=reject_confidence_below_min: model_prob=0.23 < gate=0.55; source=paper_signal
2026-03-05 17:57:17.701605+01:00,paper_signal,basketball_nba,h2h,Golden State Warriors (Houston Rockets vs Golden State Warriors),3.8,0.0,open,PAPER_ONLY,reject_confidence_below_min: model_prob=0.29 < gate=0.55,signal_mode=PAPER_ONLY; reject_reason=reject_confidence_below_min: model_prob=0.29 < gate=0.55; source=paper_signal
2026-03-05 17:57:17.872526+01:00,paper_signal,basketball_nba,h2h,Houston Rockets (Houston Rockets vs Golden State Warriors),1.25,0.0,open,PAPER_ONLY,,signal_mode=PAPER_ONLY; source=paper_signal
2026-03-05 17:57:17.965198+01:00,paper_signal,basketball_nba,h2h,Detroit Pistons (San Antonio Spurs vs Detroit Pistons),2.35,0.0,open,PAPER_ONLY,reject_confidence_below_min: model_prob=0.48 < gate=0.55,signal_mode=PAPER_ONLY; reject_reason=reject_confidence_below_min: model_prob=0.48 < gate=0.55; source=paper_signal
2026-03-05 17:57:18.134685+01:00,paper_signal,basketball_nba,h2h,San Antonio Spurs (San Antonio Spurs vs Detroit Pistons),1.57,1.5,open,PLAYABLE,,signal_mode=PLAYABLE; source=paper_signal
2026-03-05 17:57:18.369477+01:00,paper_signal,basketball_nba,h2h,Minnesota Timberwolves (Minnesota Timberwolves vs Toronto Raptors),1.4,0.0,open,PLAYABLE,,signal_mode=PLAYABLE; source=paper_signal
2026-03-05 17:57:18.401348+01:00,paper_signal,basketball_nba,h2h,Toronto Raptors (Minnesota Timberwolves vs Toronto Raptors),2.9,0.0,open,PAPER_ONLY,reject_confidence_below_min: model_prob=0.39 < gate=0.55,signal_mode=PAPER_ONLY; reject_reason=reject_confidence_below_min: model_prob=0.39 < gate=0.55; source=paper_signal
2026-03-05 17:57:18.495931+01:00,paper_signal,basketball_nba,h2h,Chicago Bulls (Phoenix Suns vs Chicago Bulls),5.0,0.0,open,PAPER_ONLY,reject_confidence_below_min: model_prob=0.26 < gate=0.55,signal_mode=PAPER_ONLY; reject_reason=reject_confidence_below_min: model_prob=0.26 < gate=0.55; source=paper_signal
2026-03-05 17:57:18.728854+01:00,paper_signal,basketball_nba,h2h,Denver Nuggets (Denver Nuggets vs Los Angeles Lakers),1.47,1.5,open,PLAYABLE,,signal_mode=PLAYABLE; source=paper_signal
2026-03-05 17:57:18.760151+01:00,paper_signal,basketball_nba,h2h,Los Angeles Lakers (Denver Nuggets vs Los Angeles Lakers),2.6,0.0,open,PAPER_ONLY,reject_confidence_below_min: model_prob=0.42 < gate=0.55,signal_mode=PAPER_ONLY; reject_reason=reject_confidence_below_min: model_prob=0.42 < gate=0.55; source=paper_signal
2026-03-05 17:57:18.940855+01:00,paper_signal,basketball_nba,h2h,New Orleans Pelicans (Sacramento Kings vs New Orleans Pelicans),1.45,1.5,open,PLAYABLE,,signal_mode=PLAYABLE; source=paper_signal
2026-03-05 17:57:18.972256+01:00,paper_signal,basketball_nba,h2h,Sacramento Kings (Sacramento Kings vs New Orleans Pelicans),2.7,0.0,open,PAPER_ONLY,reject_confidence_below_min: model_prob=0.38 < gate=0.55,signal_mode=PAPER_ONLY; reject_reason=reject_confidence_below_min: model_prob=0.38 < gate=0.55; source=paper_signal
2026-03-05 17:57:19.062545+01:00,paper_signal,tennis_atp_indian_wells,h2h,Alexander Shevchenko (Alexander Shevchenko vs Sho Shimabukuro),2.25,0.0,open,PAPER_ONLY,reject_confidence_below_min: model_prob=0.42 < gate=0.57,signal_mode=PAPER_ONLY; reject_reason=reject_confidence_below_min: model_prob=0.42 < gate=0.57; source=paper_signal
2026-03-05 17:57:19.077827+01:00,paper_signal,tennis_atp_indian_wells,h2h,Sho Shimabukuro (Alexander Shevchenko vs Sho Shimabukuro),1.57,0.0,open,PAPER_ONLY,,signal_mode=PAPER_ONLY; source=paper_signal
2026-03-05 17:57:19.101397+01:00,paper_signal,tennis_atp_indian_wells,h2h,Giovanni Mpetshi Perricard (Kamil Majchrzak vs Giovanni Mpetshi Perricard),2.15,0.0,open,PAPER_ONLY,reject_confidence_below_min: model_prob=0.47 < gate=0.57,signal_mode=PAPER_ONLY; reject_reason=reject_confidence_below_min: model_prob=0.47 < gate=0.57; source=paper_signal
2026-03-05 17:57:19.117087+01:00,paper_signal,tennis_atp_indian_wells,h2h,Kamil Majchrzak (Kamil Majchrzak vs Giovanni Mpetshi Perricard),1.62,0.0,open,PAPER_ONLY,reject_confidence_below_min: model_prob=0.52 < gate=0.57,signal_mode=PAPER_ONLY; reject_reason=reject_confidence_below_min: model_prob=0.52 < gate=0.57; source=paper_signal
2026-03-05 17:57:19.140852+01:00,paper_signal,tennis_atp_indian_wells,h2h,Grigor Dimitrov (Terence Atmane vs Grigor Dimitrov),1.57,0.0,open,PAPER_ONLY,reject_confidence_below_min: model_prob=0.56 < gate=0.57,signal_mode=PAPER_ONLY; reject_reason=reject_confidence_below_min: model_prob=0.56 < gate=0.57; source=paper_signal
2026-03-05 17:57:19.156824+01:00,paper_signal,tennis_atp_indian_wells,h2h,Terence Atmane (Terence Atmane vs Grigor Dimitrov),2.25,0.0,open,PAPER_ONLY,reject_confidence_below_min: model_prob=0.40 < gate=0.57,signal_mode=PAPER_ONLY; reject_reason=reject_confidence_below_min: model_prob=0.40 < gate=0.57; source=paper_signal
2026-03-05 17:57:19.179386+01:00,paper_signal,tennis_atp_indian_wells,h2h,Chun-Hsin Tseng (Chun-Hsin Tseng vs Sebastian Baez),3.4,0.0,open,PAPER_ONLY,reject_confidence_below_min: model_prob=0.28 < gate=0.57,signal_mode=PAPER_ONLY; reject_reason=reject_confidence_below_min: model_prob=0.28 < gate=0.57; source=paper_signal
2026-03-05 17:57:19.335025+01:00,paper_signal,tennis_atp_indian_wells,h2h,Sebastian Baez (Chun-Hsin Tseng vs Sebastian Baez),1.27,0.0,open,PAPER_ONLY,,signal_mode=PAPER_ONLY; source=paper_signal
2026-03-05 17:57:19.357442+01:00,paper_signal,tennis_atp_indian_wells,h2h,Damir Dzumhur (Jacob Fearnley vs Damir Dzumhur),1.9,0.0,open,PAPER_ONLY,reject_confidence_below_min: model_prob=0.45 < gate=0.57,signal_mode=PAPER_ONLY; reject_reason=reject_confidence_below_min: model_prob=0.45 < gate=0.57; source=paper_signal
2026-03-05 17:57:19.372589+01:00,paper_signal,tennis_atp_indian_wells,h2h,Jacob Fearnley (Jacob Fearnley vs Damir Dzumhur),1.8,0.0,open,PAPER_ONLY,reject_confidence_below_min: model_prob=0.53 < gate=0.57,signal_mode=PAPER_ONLY; reject_reason=reject_confidence_below_min: model_prob=0.53 < gate=0.57; source=paper_signal
2026-03-05 17:57:19.416324+01:00,paper_signal,tennis_atp_indian_wells,h2h,Aleksandar Kovacevic (Hubert Hurkacz vs Aleksandar Kovacevic),2.95,0.0,open,PAPER_ONLY,reject_confidence_below_min: model_prob=0.30 < gate=0.57,signal_mode=PAPER_ONLY; reject_reason=reject_confidence_below_min: model_prob=0.30 < gate=0.57; source=paper_signal
2026-03-05 17:57:19.571187+01:00,paper_signal,tennis_atp_indian_wells,h2h,Hubert Hurkacz (Hubert Hurkacz vs Aleksandar Kovacevic),1.35,0.0,open,PAPER_ONLY,,signal_mode=PAPER_ONLY; source=paper_signal
2026-03-05 17:57:19.615746+01:00,paper_signal,tennis_atp_indian_wells,h2h,Benjamin Bonzi (Valentin Royer vs Benjamin Bonzi),1.72,0.0,open,PAPER_ONLY,reject_confidence_below_min: model_prob=0.47 < gate=0.57,signal_mode=PAPER_ONLY; reject_reason=reject_confidence_below_min: model_prob=0.47 < gate=0.57; source=paper_signal
2026-03-05 17:57:19.631274+01:00,paper_signal,tennis_atp_indian_wells,h2h,Valentin Royer (Valentin Royer vs Benjamin Bonzi),2.0,0.0,open,PAPER_ONLY,reject_confidence_below_min: model_prob=0.50 < gate=0.57,signal_mode=PAPER_ONLY; reject_reason=reject_confidence_below_min: model_prob=0.50 < gate=0.57; source=paper_signal
2026-03-05 17:57:19.816938+01:00,paper_signal,tennis_atp_indian_wells,h2h,Fabian Marozsan (Fabian Marozsan vs Roberto Bautista Agut),1.25,0.0,open,PAPER_ONLY,,signal_mode=PAPER_ONLY; source=paper_signal
2026-03-05 17:57:19.833110+01:00,paper_signal,tennis_atp_indian_wells,h2h,Roberto Bautista Agut (Fabian Marozsan vs Roberto Bautista Agut),3.6,0.0,open,PAPER_ONLY,reject_confidence_below_min: model_prob=0.24 < gate=0.57,signal_mode=PAPER_ONLY; reject_reason=reject_confidence_below_min: model_prob=0.24 < gate=0.57; source=paper_signal
2026-03-05 17:57:20.015479+01:00,paper_signal,tennis_atp_indian_wells,h2h,Alex Michelsen (Daniel Merida Aguilar vs Alex Michelsen),1.27,0.0,open,PAPER_ONLY,,signal_mode=PAPER_ONLY; source=paper_signal
2026-03-05 17:57:20.031050+01:00,paper_signal,tennis_atp_indian_wells,h2h,Daniel Merida Aguilar (Daniel Merida Aguilar vs Alex Michelsen),3.4,0.0,open,PAPER_ONLY,reject_confidence_below_min: model_prob=0.26 < gate=0.57,signal_mode=PAPER_ONLY; reject_reason=reject_confidence_below_min: model_prob=0.26 < gate=0.57; source=paper_signal
2026-03-05 17:57:20.054103+01:00,paper_signal,tennis_atp_indian_wells,h2h,Alejandro Tabilo (Alejandro Tabilo vs Rafael Jodar),1.95,0.0,open,PAPER_ONLY,reject_confidence_below_min: model_prob=0.42 < gate=0.57,signal_mode=PAPER_ONLY; reject_reason=reject_confidence_below_min: model_prob=0.42 < gate=0.57; source=paper_signal
2026-03-05 17:57:20.069398+01:00,paper_signal,tennis_atp_indian_wells,h2h,Rafael Jodar (Alejandro Tabilo vs Rafael Jodar),1.75,0.0,open,PAPER_ONLY,reject_confidence_below_min: model_prob=0.48 < gate=0.57,signal_mode=PAPER_ONLY; reject_reason=reject_confidence_below_min: model_prob=0.48 < gate=0.57; source=paper_signal
2026-03-05 17:57:20.253808+01:00,paper_signal,tennis_atp_indian_wells,h2h,Botic van de Zandschulp (Juan Manuel Cerundolo vs Botic van de Zandschulp),1.35,0.0,open,PAPER_ONLY,,signal_mode=PAPER_ONLY; source=paper_signal
2026-03-05 17:57:20.269714+01:00,paper_signal,tennis_atp_indian_wells,h2h,Juan Manuel Cerundolo (Juan Manuel Cerundolo vs Botic van de Zandschulp),2.95,0.0,open,PAPER_ONLY,reject_confidence_below_min: model_prob=0.31 < gate=0.57,signal_mode=PAPER_ONLY; reject_reason=reject_confidence_below_min: model_prob=0.31 < gate=0.57; source=paper_signal
2026-03-05 17:57:20.315373+01:00,paper_signal,tennis_atp_indian_wells,h2h,Emilio Nava (Nuno Borges vs Emilio Nava),2.35,0.0,open,PAPER_ONLY,reject_confidence_below_min: model_prob=0.47 < gate=0.57,signal_mode=PAPER_ONLY; reject_reason=reject_confidence_below_min: model_prob=0.47 < gate=0.57; source=paper_signal
2026-03-05 17:57:20.474100+01:00,paper_signal,tennis_atp_indian_wells,h2h,Nuno Borges (Nuno Borges vs Emilio Nava),1.52,0.0,open,PAPER_ONLY,,signal_mode=PAPER_ONLY; source=paper_signal
2026-03-05 17:57:20.496966+01:00,paper_signal,tennis_atp_indian_wells,h2h,Francesco Maestrelli (Francesco Maestrelli vs Rinky Hijikata),2.15,0.0,open,PAPER_ONLY,reject_confidence_below_min: model_prob=0.39 < gate=0.57,signal_mode=PAPER_ONLY; reject_reason=reject_confidence_below_min: model_prob=0.39 < gate=0.57; source=paper_signal
2026-03-05 17:57:20.512384+01:00,paper_signal,tennis_atp_indian_wells,h2h,Rinky Hijikata (Francesco Maestrelli vs Rinky Hijikata),1.62,0.0,open,PAPER_ONLY,reject_confidence_below_min: model_prob=0.54 < gate=0.57,signal_mode=PAPER_ONLY; reject_reason=reject_confidence_below_min: model_prob=0.54 < gate=0.57; source=paper_signal
2026-03-05 17:57:20.534630+01:00,paper_signal,tennis_atp_indian_wells,h2h,Mackenzie McDonald (Matteo Arnaldi vs Mackenzie McDonald),1.65,0.0,open,PAPER_ONLY,reject_confidence_below_min: model_prob=0.51 < gate=0.57,signal_mode=PAPER_ONLY; reject_reason=reject_confidence_below_min: model_prob=0.51 < gate=0.57; source=paper_signal
2026-03-05 17:57:20.550015+01:00,paper_signal,tennis_atp_indian_wells,h2h,Matteo Arnaldi (Matteo Arnaldi vs Mackenzie McDonald),2.1,0.0,open,PAPER_ONLY,reject_confidence_below_min: model_prob=0.44 < gate=0.57,signal_mode=PAPER_ONLY; reject_reason=reject_confidence_below_min: model_prob=0.44 < gate=0.57; source=paper_signal
2026-03-05 17:57:20.595372+01:00,paper_signal,tennis_atp_indian_wells,h2h,Francisco Comesana (Sebastian Korda vs Francisco Comesana),4.9,0.0,open,PAPER_ONLY,reject_confidence_below_min: model_prob=0.12 < gate=0.57,signal_mode=PAPER_ONLY; reject_reason=reject_confidence_below_min: model_prob=0.12 < gate=0.57; source=paper_signal
2026-03-05 17:57:20.640326+01:00,paper_signal,tennis_atp_indian_wells,h2h,Michael Zheng (Michael Zheng vs Vit Kopriva),1.62,0.0,open,PAPER_ONLY,reject_confidence_below_min: model_prob=0.49 < gate=0.57,signal_mode=PAPER_ONLY; reject_reason=reject_confidence_below_min: model_prob=0.49 < gate=0.57; source=paper_signal
2026-03-05 17:57:20.655562+01:00,paper_signal,tennis_atp_indian_wells,h2h,Vit Kopriva (Michael Zheng vs Vit Kopriva),2.15,0.0,open,PAPER_ONLY,reject_confidence_below_min: model_prob=0.47 < gate=0.57,signal_mode=PAPER_ONLY; reject_reason=reject_confidence_below_min: model_prob=0.47 < gate=0.57; source=paper_signal
2026-03-05 17:57:20.854000+01:00,paper_signal,icehockey_nhl,h2h,Buffalo Sabres (Pittsburgh Penguins vs Buffalo Sabres),2.4,1.5,open,PLAYABLE,,signal_mode=PLAYABLE; source=paper_signal
2026-03-05 17:57:21.015629+01:00,paper_signal,icehockey_nhl,h2h,Pittsburgh Penguins (Pittsburgh Penguins vs Buffalo Sabres),2.45,1.5,open,PLAYABLE,,signal_mode=PLAYABLE; source=paper_signal
2026-03-05 17:57:21.216294+01:00,paper_signal,icehockey_nhl,h2h,Columbus Blue Jackets (Columbus Blue Jackets vs Florida Panthers),2.35,1.5,open,PLAYABLE,,signal_mode=PLAYABLE; source=paper_signal
2026-03-05 17:57:21.379274+01:00,paper_signal,icehockey_nhl,h2h,Florida Panthers (Columbus Blue Jackets vs Florida Panthers),2.5,1.5,open,PLAYABLE,,signal_mode=PLAYABLE; source=paper_signal
2026-03-05 17:57:21.581598+01:00,paper_signal,icehockey_nhl,h2h,New York Rangers (New York Rangers vs Toronto Maple Leafs),2.15,1.5,open,PLAYABLE,,signal_mode=PLAYABLE; source=paper_signal
2026-03-05 17:57:21.745888+01:00,paper_signal,icehockey_nhl,h2h,Toronto Maple Leafs (New York Rangers vs Toronto Maple Leafs),2.85,1.5,open,PLAYABLE,,signal_mode=PLAYABLE; source=paper_signal
2026-03-05 17:57:21.913551+01:00,paper_signal,icehockey_nhl,h2h,Philadelphia Flyers (Philadelphia Flyers vs Utah Mammoth),2.75,1.5,open,PLAYABLE,,signal_mode=PLAYABLE; source=paper_signal
2026-03-05 17:57:22.074282+01:00,paper_signal,icehockey_nhl,h2h,Utah Mammoth (Philadelphia Flyers vs Utah Mammoth),2.2,1.5,open,PLAYABLE,,signal_mode=PLAYABLE; source=paper_signal
2026-03-05 17:57:22.277859+01:00,paper_signal,icehockey_nhl,h2h,Boston Bruins (Nashville Predators vs Boston Bruins),2.45,1.5,open,PLAYABLE,,signal_mode=PLAYABLE; source=paper_signal
2026-03-05 17:57:22.437419+01:00,paper_signal,icehockey_nhl,h2h,Nashville Predators (Nashville Predators vs Boston Bruins),2.45,1.5,open,PLAYABLE,,signal_mode=PLAYABLE; source=paper_signal
2026-03-05 17:57:22.604963+01:00,paper_signal,icehockey_nhl,h2h,Tampa Bay Lightning (Winnipeg Jets vs Tampa Bay Lightning),1.83,1.5,open,PLAYABLE,,signal_mode=PLAYABLE; source=paper_signal
2026-03-05 17:57:22.765739+01:00,paper_signal,icehockey_nhl,h2h,Winnipeg Jets (Winnipeg Jets vs Tampa Bay Lightning),3.5,0.75,open,PAPER_ONLY,reject_ev_outlier: ev=1.03 too high for odds=3.50,signal_mode=PAPER_ONLY; reject_reason=reject_ev_outlier: ev=1.03 too high for odds=3.50; source=paper_signal
2026-03-05 17:57:22.932775+01:00,paper_signal,icehockey_nhl,h2h,Calgary Flames (Calgary Flames vs Ottawa Senators),3.2,1.5,open,PAPER_ONLY,reject_ev_outlier: ev=1.04 too high for odds=3.20,signal_mode=PAPER_ONLY; reject_reason=reject_ev_outlier: ev=1.04 too high for odds=3.20; source=paper_signal
2026-03-05 17:57:23.096094+01:00,paper_signal,icehockey_nhl,h2h,Ottawa Senators (Calgary Flames vs Ottawa Senators),1.93,1.5,open,PLAYABLE,,signal_mode=PLAYABLE; source=paper_signal
2026-03-05 17:57:23.267137+01:00,paper_signal,icehockey_nhl,h2h,Los Angeles Kings (Los Angeles Kings vs New York Islanders),2.2,1.5,open,PLAYABLE,,signal_mode=PLAYABLE; source=paper_signal
2026-03-05 17:57:23.427618+01:00,paper_signal,icehockey_nhl,h2h,New York Islanders (Los Angeles Kings vs New York Islanders),2.85,1.5,open,PLAYABLE,,signal_mode=PLAYABLE; source=paper_signal
2026-03-05 17:57:23.485113+01:00,paper_signal,tennis_wta_indian_wells,h2h,Ashlyn Krueger (Magda Linette vs Ashlyn Krueger),1.9,0.0,open,PAPER_ONLY,reject_confidence_below_min: model_prob=0.51 < gate=0.57,signal_mode=PAPER_ONLY; reject_reason=reject_confidence_below_min: model_prob=0.51 < gate=0.57; source=paper_signal
2026-03-05 17:57:23.500882+01:00,paper_signal,tennis_wta_indian_wells,h2h,Magda Linette (Magda Linette vs Ashlyn Krueger),1.8,0.0,open,PAPER_ONLY,reject_confidence_below_min: model_prob=0.51 < gate=0.57,signal_mode=PAPER_ONLY; reject_reason=reject_confidence_below_min: model_prob=0.51 < gate=0.57; source=paper_signal
2026-03-05 17:57:23.545352+01:00,paper_signal,tennis_wta_indian_wells,h2h,Lanlana Tararudee (Lanlana Tararudee vs Sonay Kartal),3.1,0.0,open,PAPER_ONLY,reject_confidence_below_min: model_prob=0.26 < gate=0.57,signal_mode=PAPER_ONLY; reject_reason=reject_confidence_below_min: model_prob=0.26 < gate=0.57; source=paper_signal
2026-03-05 17:57:23.701092+01:00,paper_signal,tennis_wta_indian_wells,h2h,Sonay Kartal (Lanlana Tararudee vs Sonay Kartal),1.32,0.0,open,PAPER_ONLY,,signal_mode=PAPER_ONLY; source=paper_signal
2026-03-05 17:57:23.722996+01:00,paper_signal,tennis_wta_indian_wells,h2h,Laura Siegemund (Laura Siegemund vs Petra Marcinko),1.9,0.0,open,PAPER_ONLY,reject_confidence_below_min: model_prob=0.51 < gate=0.57,signal_mode=PAPER_ONLY; reject_reason=reject_confidence_below_min: model_prob=0.51 < gate=0.57; source=paper_signal
2026-03-05 17:57:23.738971+01:00,paper_signal,tennis_wta_indian_wells,h2h,Petra Marcinko (Laura Siegemund vs Petra Marcinko),1.8,0.0,open,PAPER_ONLY,reject_confidence_below_min: model_prob=0.53 < gate=0.57,signal_mode=PAPER_ONLY; reject_reason=reject_confidence_below_min: model_prob=0.53 < gate=0.57; source=paper_signal
2026-03-05 17:57:23.761887+01:00,paper_signal,tennis_wta_indian_wells,h2h,Marie Bouzkova (Marie Bouzkova vs Taylor Townsend),1.9,0.0,open,PAPER_ONLY,reject_confidence_below_min: model_prob=0.43 < gate=0.57,signal_mode=PAPER_ONLY; reject_reason=reject_confidence_below_min: model_prob=0.43 < gate=0.57; source=paper_signal
2026-03-05 17:57:23.777416+01:00,paper_signal,tennis_wta_indian_wells,h2h,Taylor Townsend (Marie Bouzkova vs Taylor Townsend),1.8,0.0,open,PAPER_ONLY,reject_confidence_below_min: model_prob=0.52 < gate=0.57,signal_mode=PAPER_ONLY; reject_reason=reject_confidence_below_min: model_prob=0.52 < gate=0.57; source=paper_signal
2026-03-05 17:57:23.799371+01:00,paper_signal,tennis_wta_indian_wells,h2h,Anna Bondár (Elsa Jacquemot vs Anna Bondár),1.62,0.0,open,PAPER_ONLY,reject_confidence_below_min: model_prob=0.55 < gate=0.57,signal_mode=PAPER_ONLY; reject_reason=reject_confidence_below_min: model_prob=0.55 < gate=0.57; source=paper_signal
2026-03-05 17:57:23.815040+01:00,paper_signal,tennis_wta_indian_wells,h2h,Elsa Jacquemot (Elsa Jacquemot vs Anna Bondár),2.15,0.0,open,PAPER_ONLY,reject_confidence_below_min: model_prob=0.40 < gate=0.57,signal_mode=PAPER_ONLY; reject_reason=reject_confidence_below_min: model_prob=0.40 < gate=0.57; source=paper_signal
2026-03-05 17:57:23.859270+01:00,paper_signal,tennis_wta_indian_wells,h2h,Donna Vekic (Donna Vekic vs Tereza Valentova),2.55,0.0,open,PAPER_ONLY,reject_confidence_below_min: model_prob=0.36 < gate=0.57,signal_mode=PAPER_ONLY; reject_reason=reject_confidence_below_min: model_prob=0.36 < gate=0.57; source=paper_signal
2026-03-05 17:57:24.015433+01:00,paper_signal,tennis_wta_indian_wells,h2h,Tereza Valentova (Donna Vekic vs Tereza Valentova),1.45,0.0,open,PAPER_ONLY,,signal_mode=PAPER_ONLY; source=paper_signal
2026-03-05 17:57:24.199655+01:00,paper_signal,tennis_wta_indian_wells,h2h,Diane Parry (Diane Parry vs Venus Williams),1.25,0.0,open,PAPER_ONLY,,signal_mode=PAPER_ONLY; source=paper_signal
2026-03-05 17:57:24.215881+01:00,paper_signal,tennis_wta_indian_wells,h2h,Venus Williams (Diane Parry vs Venus Williams),3.6,0.0,open,PAPER_ONLY,reject_confidence_below_min: model_prob=0.22 < gate=0.57,signal_mode=PAPER_ONLY; reject_reason=reject_confidence_below_min: model_prob=0.22 < gate=0.57; source=paper_signal
2026-03-05 17:57:24.261918+01:00,paper_signal,tennis_wta_indian_wells,h2h,Francesca Jones (Francesca Jones vs Kayla Day),2.05,0.0,open,PAPER_ONLY,reject_confidence_below_min: model_prob=0.37 < gate=0.57,signal_mode=PAPER_ONLY; reject_reason=reject_confidence_below_min: model_prob=0.37 < gate=0.57; source=paper_signal
2026-03-05 17:57:24.418009+01:00,paper_signal,tennis_wta_indian_wells,h2h,Kayla Day (Francesca Jones vs Kayla Day),1.7,0.0,open,PAPER_ONLY,,signal_mode=PAPER_ONLY; source=paper_signal
2026-03-05 17:57:24.441084+01:00,paper_signal,tennis_wta_indian_wells,h2h,Lilli Tagger (Varvara Gracheva vs Lilli Tagger),2.25,0.0,open,PAPER_ONLY,reject_confidence_below_min: model_prob=0.40 < gate=0.57,signal_mode=PAPER_ONLY; reject_reason=reject_confidence_below_min: model_prob=0.40 < gate=0.57; source=paper_signal
2026-03-05 17:57:24.456492+01:00,paper_signal,tennis_wta_indian_wells,h2h,Varvara Gracheva (Varvara Gracheva vs Lilli Tagger),1.57,0.0,open,PAPER_ONLY,reject_confidence_below_min: model_prob=0.52 < gate=0.57,signal_mode=PAPER_ONLY; reject_reason=reject_confidence_below_min: model_prob=0.52 < gate=0.57; source=paper_signal
2026-03-05 17:57:24.618820+01:00,paper_signal,tennis_wta_indian_wells,h2h,Katerina Siniakova (Katerina Siniakova vs Sofia Kenin),1.3,0.0,open,PAPER_ONLY,,signal_mode=PAPER_ONLY; source=paper_signal
2026-03-05 17:57:24.634872+01:00,paper_signal,tennis_wta_indian_wells,h2h,Sofia Kenin (Katerina Siniakova vs Sofia Kenin),3.2,0.0,open,PAPER_ONLY,reject_confidence_below_min: model_prob=0.26 < gate=0.57,signal_mode=PAPER_ONLY; reject_reason=reject_confidence_below_min: model_prob=0.26 < gate=0.57; source=paper_signal
2026-03-05 17:57:24.801065+01:00,paper_signal,tennis_wta_indian_wells,h2h,Cristina Bucsa (Cristina Bucsa vs Darja Vidmanova),1.4,0.0,open,PAPER_ONLY,,signal_mode=PAPER_ONLY; source=paper_signal
2026-03-05 17:57:24.816972+01:00,paper_signal,tennis_wta_indian_wells,h2h,Darja Vidmanova (Cristina Bucsa vs Darja Vidmanova),2.7,0.0,open,PAPER_ONLY,reject_confidence_below_min: model_prob=0.38 < gate=0.57,signal_mode=PAPER_ONLY; reject_reason=reject_confidence_below_min: model_prob=0.38 < gate=0.57; source=paper_signal
2026-03-05 17:57:24.861826+01:00,paper_signal,tennis_wta_indian_wells,h2h,Katie Volynets (Katie Volynets vs Rebecca Sramkova),1.72,0.0,open,PAPER_ONLY,reject_confidence_below_min: model_prob=0.51 < gate=0.57,signal_mode=PAPER_ONLY; reject_reason=reject_confidence_below_min: model_prob=0.51 < gate=0.57; source=paper_signal
2026-03-05 17:57:24.877724+01:00,paper_signal,tennis_wta_indian_wells,h2h,Rebecca Sramkova (Katie Volynets vs Rebecca Sramkova),2.0,0.0,open,PAPER_ONLY,reject_confidence_below_min: model_prob=0.43 < gate=0.57,signal_mode=PAPER_ONLY; reject_reason=reject_confidence_below_min: model_prob=0.43 < gate=0.57; source=paper_signal
2026-03-05 17:57:25.061697+01:00,paper_signal,tennis_wta_indian_wells,h2h,Magdalena Frech (Storm Hunter vs Magdalena Frech),1.35,0.0,open,PAPER_ONLY,,signal_mode=PAPER_ONLY; source=paper_signal
2026-03-05 17:57:25.077490+01:00,paper_signal,tennis_wta_indian_wells,h2h,Storm Hunter (Storm Hunter vs Magdalena Frech),2.95,0.0,open,PAPER_ONLY,reject_confidence_below_min: model_prob=0.28 < gate=0.57,signal_mode=PAPER_ONLY; reject_reason=reject_confidence_below_min: model_prob=0.28 < gate=0.57; source=paper_signal
2026-03-05 17:57:25.099600+01:00,paper_signal,tennis_wta_indian_wells,h2h,Emiliana Arango (Emiliana Arango vs Hailey Baptiste),3.6,0.0,open,PAPER_ONLY,reject_confidence_below_min: model_prob=0.26 < gate=0.57,signal_mode=PAPER_ONLY; reject_reason=reject_confidence_below_min: model_prob=0.26 < gate=0.57; source=paper_signal
2026-03-05 17:57:25.256361+01:00,paper_signal,tennis_wta_indian_wells,h2h,Hailey Baptiste (Emiliana Arango vs Hailey Baptiste),1.25,0.0,open,PAPER_ONLY,,signal_mode=PAPER_ONLY; source=paper_signal
2026-03-05 17:57:25.446312+01:00,paper_signal,tennis_wta_indian_wells,h2h,Antonia Ruzic (Antonia Ruzic vs Jennifer Brady),1.4,0.0,open,PAPER_ONLY,,signal_mode=PAPER_ONLY; source=paper_signal
2026-03-05 17:57:25.462332+01:00,paper_signal,tennis_wta_indian_wells,h2h,Jennifer Brady (Antonia Ruzic vs Jennifer Brady),2.7,0.0,open,PAPER_ONLY,reject_confidence_below_min: model_prob=0.32 < gate=0.57,signal_mode=PAPER_ONLY; reject_reason=reject_confidence_below_min: model_prob=0.32 < gate=0.57; source=paper_signal
2026-03-05 17:57:25.485066+01:00,paper_signal,tennis_wta_indian_wells,h2h,Solana Sierra (Peyton Stearns vs Solana Sierra),4.5,0.0,open,PAPER_ONLY,reject_confidence_below_min: model_prob=0.20 < gate=0.57,signal_mode=PAPER_ONLY; reject_reason=reject_confidence_below_min: model_prob=0.20 < gate=0.57; source=paper_signal
2026-03-05 18:04:28.262367+01:00,live_trade,icehockey_nhl,h2h,Calgary Flames (Calgary Flames vs Ottawa Senators),3.2,0.72,open,,,
2026-03-05 18:04:28.262386+01:00,live_trade,icehockey_nhl,h2h,Winnipeg Jets (Winnipeg Jets vs Tampa Bay Lightning),3.5,0.48,open,,,
2026-03-05 18:19:06.410117+01:00,live_trade,icehockey_nhl,h2h,New York Islanders (Los Angeles Kings vs New York Islanders),2.85,1.2,open,,,
